directory,branch_misprediction_1,l2_cache_miss_1,l3_cache_miss_1,time_ns_1,branch_misprediction_2,l2_cache_miss_2,l3_cache_miss_2,time_ns_2
/root/snipersim_framework/config_l2_512_l3MB_4096_prefetch_none_branch_4096,117267,8770,6474,13552500,114210,6859,881,13552500
/root/snipersim_framework/config_l2_512_l3MB_12288_prefetch_simple_branch_4096,117942,8674,6563,14445500,112854,6784,833,14445500
/root/snipersim_framework/config_l2_512_l3MB_4096_prefetch_simple_branch_1024,117371,8680,6534,14470200,112459,6705,775,14470200
/root/snipersim_framework/config_l2_512_l3MB_8192_prefetch_ghb_branch_512,118000,8724,6557,14475800,112884,6658,837,14475800
/root/snipersim_framework/config_l2_512_l3MB_12288_prefetch_ghb_branch_4096,118469,8593,6581,14537700,114306,6827,791,14537700
/root/snipersim_framework/config_l2_512_l3MB_16384_prefetch_ghb_branch_4096,118396,8360,6591,14553400,114268,6743,749,14553400
/root/snipersim_framework/config_l2_256_l3MB_12288_prefetch_none_branch_512,117042,10463,6478,14577500,114618,6142,854,14577500
/root/snipersim_framework/config_l2_512_l3MB_16384_prefetch_ghb_branch_1024,117593,8576,6556,15383100,112406,6667,807,15383100
/root/snipersim_framework/config_l2_1024_l3MB_12288_prefetch_simple_branch_1024,118238,8582,6481,15405100,112259,6850,831,15405100
/root/snipersim_framework/config_l2_512_l3MB_16384_prefetch_ghb_branch_512,117840,8708,6513,15415300,113089,6722,827,15415300
/root/snipersim_framework/config_l2_1024_l3MB_12288_prefetch_none_branch_512,116533,8538,6424,15429800,111071,6519,860,15429800
/root/snipersim_framework/config_l2_256_l3MB_16384_prefetch_simple_branch_4096,116320,10570,6579,15437400,113149,6426,802,15437400
/root/snipersim_framework/config_l2_1024_l3MB_8192_prefetch_simple_branch_1024,117970,8615,6560,15462700,111883,6612,827,15462700
/root/snipersim_framework/config_l2_1024_l3MB_16384_prefetch_none_branch_2048,117789,8574,6568,15467400,112591,6686,824,15467400
/root/snipersim_framework/config_l2_512_l3MB_16384_prefetch_simple_branch_4096,116538,8703,6387,15467500,112832,6365,909,15467500
/root/snipersim_framework/config_l2_512_l3MB_16384_prefetch_none_branch_1024,117923,8578,6550,15472600,112859,6757,806,15472600
/root/snipersim_framework/config_l2_512_l3MB_12288_prefetch_none_branch_4096,117831,8607,6495,15472700,112935,6681,838,15472700
/root/snipersim_framework/config_l2_512_l3MB_4096_prefetch_none_branch_2048,117920,8424,6644,15486300,112943,6667,743,15486300
/root/snipersim_framework/config_l2_1024_l3MB_4096_prefetch_none_branch_4096,117900,8707,6602,15488600,112640,6757,807,15488600
/root/snipersim_framework/config_l2_512_l3MB_16384_prefetch_none_branch_512,117336,8618,6455,15489800,113851,6739,859,15489800
/root/snipersim_framework/config_l2_256_l3MB_16384_prefetch_simple_branch_512,117114,10153,6416,15494200,115849,6189,900,15494200
/root/snipersim_framework/config_l2_1024_l3MB_8192_prefetch_none_branch_512,116920,8503,6456,15496700,114497,6675,840,15496700
/root/snipersim_framework/config_l2_1024_l3MB_16384_prefetch_simple_branch_512,115333,9039,6486,15497300,114168,8946,867,15497300
/root/snipersim_framework/config_l2_512_l3MB_8192_prefetch_simple_branch_1024,117205,8613,6502,15508200,115493,6763,806,15508200
/root/snipersim_framework/config_l2_1024_l3MB_8192_prefetch_none_branch_2048,117751,8333,6618,15510700,113282,6704,760,15510700
/root/snipersim_framework/config_l2_512_l3MB_8192_prefetch_simple_branch_4096,116718,8643,6509,15517100,114747,6769,804,15517100
/root/snipersim_framework/config_l2_256_l3MB_4096_prefetch_none_branch_4096,117111,10474,6493,15527500,114549,6067,823,15527500
/root/snipersim_framework/config_l2_256_l3MB_4096_prefetch_none_branch_1024,118269,10439,6554,15535000,113426,6237,877,15535000
/root/snipersim_framework/config_l2_512_l3MB_4096_prefetch_ghb_branch_4096,118671,8686,6569,15540200,114440,6734,808,15540200
/root/snipersim_framework/config_l2_512_l3MB_12288_prefetch_ghb_branch_512,118140,8675,6569,15541600,114448,6800,821,15541600
/root/snipersim_framework/config_l2_512_l3MB_16384_prefetch_none_branch_2048,117094,8670,6423,15550100,113767,6759,914,15550100
/root/snipersim_framework/config_l2_256_l3MB_8192_prefetch_simple_branch_1024,117589,10467,6514,16382800,112630,6190,921,16382800
/root/snipersim_framework/config_l2_256_l3MB_4096_prefetch_ghb_branch_1024,118274,10618,6592,16408900,114370,6213,852,16408900
/root/snipersim_framework/config_l2_1024_l3MB_8192_prefetch_none_branch_4096,117802,8592,6516,16422200,113313,6664,852,16422200
/root/snipersim_framework/config_l2_256_l3MB_8192_prefetch_none_branch_2048,117897,10531,6567,16427700,111522,6281,775,16427700
/root/snipersim_framework/config_l2_512_l3MB_4096_prefetch_ghb_branch_512,117919,8687,6547,16435600,113291,6681,816,16435600
/root/snipersim_framework/config_l2_1024_l3MB_4096_prefetch_ghb_branch_2048,117651,8620,6575,16436100,113281,6709,799,16436100
/root/snipersim_framework/config_l2_256_l3MB_4096_prefetch_ghb_branch_512,118303,10464,6454,16436100,111622,6143,857,16436100
/root/snipersim_framework/config_l2_1024_l3MB_16384_prefetch_simple_branch_4096,116592,8696,6485,16436600,112819,6728,860,16436600
/root/snipersim_framework/config_l2_1024_l3MB_12288_prefetch_ghb_branch_512,116829,8621,6451,16439500,112914,6732,863,16439500
/root/snipersim_framework/config_l2_512_l3MB_8192_prefetch_none_branch_4096,117700,8592,6527,16444400,112824,6821,792,16444400
/root/snipersim_framework/config_l2_256_l3MB_12288_prefetch_none_branch_4096,117607,10444,6482,16451900,112407,6357,853,16451900
/root/snipersim_framework/config_l2_256_l3MB_16384_prefetch_none_branch_1024,117790,10446,6541,16461100,112473,6180,846,16461100
/root/snipersim_framework/config_l2_256_l3MB_12288_prefetch_simple_branch_512,118034,10173,6626,16471000,112963,6224,756,16471000
/root/snipersim_framework/config_l2_1024_l3MB_4096_prefetch_ghb_branch_512,116836,8614,6451,16477800,111887,6457,876,16477800
/root/snipersim_framework/config_l2_256_l3MB_16384_prefetch_none_branch_512,117049,10552,6492,16486300,114195,6125,823,16486300
/root/snipersim_framework/config_l2_1024_l3MB_8192_prefetch_simple_branch_2048,118340,8620,6512,16489100,114505,6839,860,16489100
/root/snipersim_framework/config_l2_256_l3MB_8192_prefetch_ghb_branch_4096,116992,10315,6433,16490900,115858,6160,847,16490900
/root/snipersim_framework/config_l2_256_l3MB_4096_prefetch_simple_branch_2048,118605,10574,6569,16494100,114107,6169,833,16494100
/root/snipersim_framework/config_l2_1024_l3MB_4096_prefetch_ghb_branch_1024,118430,8662,6556,16496000,111978,6830,868,16496000
/root/snipersim_framework/config_l2_1024_l3MB_8192_prefetch_simple_branch_4096,118315,8599,6562,16504600,112936,6802,802,16504600
/root/snipersim_framework/config_l2_512_l3MB_8192_prefetch_none_branch_2048,117717,8365,6610,16504700,110773,6728,765,16504700
/root/snipersim_framework/config_l2_256_l3MB_8192_prefetch_ghb_branch_512,117946,10325,6622,16517700,112969,6103,756,16517700
/root/snipersim_framework/config_l2_256_l3MB_12288_prefetch_ghb_branch_4096,118346,10296,6638,16540900,113049,6334,741,16540900
/root/snipersim_framework/config_l2_1024_l3MB_4096_prefetch_simple_branch_4096,117474,8317,6582,16547300,114690,6727,757,16547300
/root/snipersim_framework/config_l2_1024_l3MB_16384_prefetch_ghb_branch_1024,118469,8345,6595,16551300,114674,6767,751,16551300
/root/snipersim_framework/config_l2_1024_l3MB_8192_prefetch_ghb_branch_2048,118947,8330,6590,16620100,115147,6644,758,16620100
/root/snipersim_framework/config_l2_256_l3MB_4096_prefetch_ghb_branch_4096,116859,10441,6389,17376500,113093,6138,914,17376500
/root/snipersim_framework/config_l2_256_l3MB_8192_prefetch_none_branch_1024,116759,10311,6423,17378500,112598,6066,895,17378500
/root/snipersim_framework/config_l2_256_l3MB_12288_prefetch_ghb_branch_1024,117775,10651,6567,17387000,113129,5980,850,17387000
/root/snipersim_framework/config_l2_1024_l3MB_4096_prefetch_none_branch_1024,117935,8653,6548,17398400,113359,6739,821,17398400
/root/snipersim_framework/config_l2_512_l3MB_12288_prefetch_ghb_branch_1024,116344,8642,6378,17398600,112647,6422,905,17398600
/root/snipersim_framework/config_l2_256_l3MB_16384_prefetch_none_branch_4096,118096,10326,6494,17402100,113367,6227,797,17402100
/root/snipersim_framework/config_l2_1024_l3MB_16384_prefetch_ghb_branch_2048,116775,8561,6439,17403900,112722,6604,850,17403900
/root/snipersim_framework/config_l2_256_l3MB_8192_prefetch_simple_branch_2048,116588,10543,6456,17407400,112845,6325,904,17407400
/root/snipersim_framework/config_l2_256_l3MB_16384_prefetch_simple_branch_2048,117719,10355,6444,17409900,112579,6103,832,17409900
/root/snipersim_framework/config_l2_1024_l3MB_8192_prefetch_simple_branch_512,116766,8571,6445,17412100,112760,6621,851,17412100
/root/snipersim_framework/config_l2_1024_l3MB_4096_prefetch_simple_branch_1024,117940,8548,6562,17420300,112769,6694,799,17420300
/root/snipersim_framework/config_l2_256_l3MB_16384_prefetch_ghb_branch_1024,117713,10557,6507,17421900,112702,6067,881,17421900
/root/snipersim_framework/config_l2_256_l3MB_12288_prefetch_none_branch_2048,116772,10332,6431,17426800,112585,6012,865,17426800
/root/snipersim_framework/config_l2_1024_l3MB_16384_prefetch_none_branch_1024,117738,8626,6544,17428400,112723,6751,849,17428400
/root/snipersim_framework/config_l2_1024_l3MB_12288_prefetch_ghb_branch_2048,116707,8614,6467,17430500,113028,6774,830,17430500
/root/snipersim_framework/config_l2_512_l3MB_8192_prefetch_ghb_branch_4096,117746,8645,6492,17432000,112809,6670,842,17432000
/root/snipersim_framework/config_l2_1024_l3MB_12288_prefetch_ghb_branch_4096,117756,8601,6587,17433500,112610,6752,798,17433500
/root/snipersim_framework/config_l2_512_l3MB_4096_prefetch_none_branch_512,118624,8644,6615,17434300,113326,6788,769,17434300
/root/snipersim_framework/config_l2_512_l3MB_8192_prefetch_simple_branch_2048,117075,8598,6462,17442100,113448,6747,872,17442100
/root/snipersim_framework/config_l2_1024_l3MB_4096_prefetch_simple_branch_2048,116544,8784,6454,17443500,113028,6854,935,17443500
/root/snipersim_framework/config_l2_1024_l3MB_12288_prefetch_simple_branch_4096,116613,8545,6429,17445000,112830,6554,884,17445000
/root/snipersim_framework/config_l2_512_l3MB_8192_prefetch_ghb_branch_1024,116522,8746,6454,17445900,112903,6763,885,17445900
/root/snipersim_framework/config_l2_256_l3MB_8192_prefetch_simple_branch_4096,117946,10386,6480,17451900,112597,6210,856,17451900
/root/snipersim_framework/config_l2_1024_l3MB_12288_prefetch_none_branch_2048,118360,8556,6510,17460900,112671,6766,790,17460900
/root/snipersim_framework/config_l2_256_l3MB_12288_prefetch_simple_branch_2048,118034,10109,6626,17465300,111899,6129,756,17465300
/root/snipersim_framework/config_l2_512_l3MB_8192_prefetch_none_branch_512,116658,8806,6380,17465400,112756,6607,964,17465400
/root/snipersim_framework/config_l2_512_l3MB_8192_prefetch_ghb_branch_2048,116784,8731,6394,17468600,113059,6477,899,17468600
/root/snipersim_framework/config_l2_256_l3MB_8192_prefetch_ghb_branch_2048,117895,10283,6628,17471700,112735,6178,760,17471700
/root/snipersim_framework/config_l2_1024_l3MB_8192_prefetch_ghb_branch_4096,117869,8362,6584,17482000,112925,6600,762,17482000
/root/snipersim_framework/config_l2_256_l3MB_16384_prefetch_ghb_branch_4096,118256,10484,6531,17483500,114682,6204,857,17483500
/root/snipersim_framework/config_l2_256_l3MB_16384_prefetch_ghb_branch_2048,117159,10431,6471,17485700,113365,6182,835,17485700
/root/snipersim_framework/config_l2_256_l3MB_12288_prefetch_simple_branch_1024,117220,10204,6518,17489000,115316,6231,779,17489000
/root/snipersim_framework/config_l2_512_l3MB_4096_prefetch_simple_branch_512,118298,8721,6495,17490100,112954,6841,879,17490100
/root/snipersim_framework/config_l2_256_l3MB_16384_prefetch_none_branch_2048,118126,10374,6560,17491600,114910,6255,802,17491600
/root/snipersim_framework/config_l2_1024_l3MB_12288_prefetch_ghb_branch_1024,118271,8496,6492,17495900,112986,6826,838,17495900
/root/snipersim_framework/config_l2_512_l3MB_12288_prefetch_none_branch_512,117168,8544,6517,17496000,114643,6679,797,17496000
/root/snipersim_framework/config_l2_1024_l3MB_16384_prefetch_none_branch_512,117317,8621,6484,17496400,114217,6725,861,17496400
/root/snipersim_framework/config_l2_256_l3MB_12288_prefetch_none_branch_1024,117228,10479,6485,17496600,112674,6218,881,17496600
/root/snipersim_framework/config_l2_1024_l3MB_16384_prefetch_none_branch_4096,117149,8773,6503,17503300,114882,7006,932,17503300
/root/snipersim_framework/config_l2_1024_l3MB_4096_prefetch_none_branch_512,118378,8665,6504,17505000,113549,6946,887,17505000
/root/snipersim_framework/config_l2_1024_l3MB_12288_prefetch_none_branch_1024,118435,8352,6594,17512600,114719,6682,753,17512600
/root/snipersim_framework/config_l2_1024_l3MB_16384_prefetch_simple_branch_1024,118961,8313,6586,17528600,113694,6768,756,17528600
/root/snipersim_framework/config_l2_256_l3MB_16384_prefetch_ghb_branch_512,118346,10095,6628,17530100,114393,6235,752,17530100
/root/snipersim_framework/config_l2_1024_l3MB_16384_prefetch_ghb_branch_512,118977,8345,6588,17535500,115229,6739,755,17535500
/root/snipersim_framework/config_l2_256_l3MB_4096_prefetch_simple_branch_1024,118336,10385,6550,17540400,114096,6142,760,17540400
/root/snipersim_framework/config_l2_512_l3MB_4096_prefetch_ghb_branch_2048,118384,8322,6594,17542200,114291,6729,752,17542200
/root/snipersim_framework/config_l2_512_l3MB_8192_prefetch_none_branch_1024,118389,8313,6592,17544000,114652,6723,754,17544000
/root/snipersim_framework/config_l2_1024_l3MB_8192_prefetch_ghb_branch_512,118426,8317,6593,17546100,114613,6757,757,17546100
/root/snipersim_framework/config_l2_256_l3MB_8192_prefetch_ghb_branch_1024,116706,10377,6432,18348100,113007,6063,864,18348100
/root/snipersim_framework/config_l2_256_l3MB_12288_prefetch_ghb_branch_2048,116811,10383,6420,18371000,111655,6085,876,18371000
/root/snipersim_framework/config_l2_512_l3MB_16384_prefetch_simple_branch_2048,118185,8708,6513,18373900,112407,6696,875,18373900
/root/snipersim_framework/config_l2_256_l3MB_12288_prefetch_ghb_branch_512,118007,10459,6558,18383100,113127,6063,841,18383100
/root/snipersim_framework/config_l2_1024_l3MB_16384_prefetch_ghb_branch_4096,118009,8691,6517,18383200,112660,6738,848,18383200
/root/snipersim_framework/config_l2_256_l3MB_12288_prefetch_simple_branch_4096,116340,10283,6507,18391600,111214,6209,811,18391600
/root/snipersim_framework/config_l2_512_l3MB_16384_prefetch_simple_branch_512,117769,8660,6527,18393300,112580,6611,793,18393300
/root/snipersim_framework/config_l2_1024_l3MB_12288_prefetch_simple_branch_2048,116745,8567,6445,18394700,112211,6599,861,18394700
/root/snipersim_framework/config_l2_512_l3MB_8192_prefetch_simple_branch_512,116580,8632,6419,18395100,112479,6623,864,18395100
/root/snipersim_framework/config_l2_512_l3MB_12288_prefetch_none_branch_1024,118146,8682,6485,18397000,112810,6720,836,18397000
/root/snipersim_framework/config_l2_1024_l3MB_16384_prefetch_simple_branch_2048,116604,8553,6483,18397900,112468,6750,830,18397900
/root/snipersim_framework/config_l2_512_l3MB_12288_prefetch_simple_branch_512,118002,8592,6503,18423600,112396,6777,794,18423600
/root/snipersim_framework/config_l2_1024_l3MB_12288_prefetch_none_branch_4096,117272,8572,6430,18433500,114330,6699,879,18433500
/root/snipersim_framework/config_l2_512_l3MB_12288_prefetch_none_branch_2048,118042,8719,6549,18437700,112825,6775,868,18437700
/root/snipersim_framework/config_l2_256_l3MB_16384_prefetch_simple_branch_1024,117189,10468,6442,18444400,114543,6278,860,18444400
/root/snipersim_framework/config_l2_512_l3MB_16384_prefetch_none_branch_4096,118306,8590,6558,18446100,114391,6758,827,18446100
/root/snipersim_framework/config_l2_512_l3MB_4096_prefetch_ghb_branch_1024,117042,8528,6464,18480300,114056,6639,852,18480300
/root/snipersim_framework/config_l2_256_l3MB_4096_prefetch_simple_branch_512,118601,10684,6538,18530300,114478,6097,833,18530300
/root/snipersim_framework/config_l2_512_l3MB_16384_prefetch_ghb_branch_2048,118982,8369,6583,18535400,115432,6717,757,18535400
/root/snipersim_framework/config_l2_512_l3MB_12288_prefetch_ghb_branch_2048,118384,8334,6588,18542800,115110,6760,762,18542800
/root/snipersim_framework/config_l2_512_l3MB_4096_prefetch_simple_branch_2048,116827,8601,6447,19328000,112707,6687,848,19328000
/root/snipersim_framework/config_l2_256_l3MB_8192_prefetch_none_branch_4096,116617,10270,6463,19370800,113093,6001,834,19370800
/root/snipersim_framework/config_l2_512_l3MB_12288_prefetch_simple_branch_1024,116823,8618,6464,19374800,112744,6569,843,19374800
/root/snipersim_framework/config_l2_512_l3MB_16384_prefetch_simple_branch_1024,117880,8644,6493,19389200,113061,6714,885,19389200
/root/snipersim_framework/config_l2_256_l3MB_4096_prefetch_ghb_branch_2048,117187,10406,6501,19428000,114479,6321,819,19428000
/root/snipersim_framework/config_l2_1024_l3MB_8192_prefetch_ghb_branch_1024,117166,8532,6432,19428100,114432,6645,880,19428100
/root/snipersim_framework/config_l2_1024_l3MB_4096_prefetch_none_branch_2048,117147,8558,6451,19435100,114684,6760,856,19435100
/root/snipersim_framework/config_l2_512_l3MB_4096_prefetch_simple_branch_4096,116356,8750,6451,19444800,112796,6764,891,19444800
/root/snipersim_framework/config_l2_1024_l3MB_12288_prefetch_simple_branch_512,118831,8613,6564,19457600,114404,6908,851,19457600
/root/snipersim_framework/config_l2_256_l3MB_8192_prefetch_none_branch_512,116804,10399,6437,20338700,112662,6016,851,20338700
/root/snipersim_framework/config_l2_256_l3MB_8192_prefetch_simple_branch_512,116489,10189,6536,20360900,110793,6400,786,20360900
/root/snipersim_framework/config_l2_512_l3MB_4096_prefetch_none_branch_1024,116621,8570,6443,20381100,112501,6727,855,20381100
/root/snipersim_framework/config_l2_256_l3MB_4096_prefetch_none_branch_512,118043,10521,6496,20386100,112297,6185,804,20386100
/root/snipersim_framework/config_l2_256_l3MB_4096_prefetch_simple_branch_4096,117028,10349,6411,20391700,113818,6161,867,20391700
/root/snipersim_framework/config_l2_512_l3MB_12288_prefetch_simple_branch_2048,117348,8650,6539,20435800,114247,6810,780,20435800
/root/snipersim_framework/config_l2_256_l3MB_4096_prefetch_none_branch_2048,118329,10377,6517,20458600,113791,6186,827,20458600
/root/snipersim_framework/config_l2_1024_l3MB_4096_prefetch_ghb_branch_4096,116878,8674,6612,20459100,114682,7083,806,20459100
/root/snipersim_framework/config_l2_1024_l3MB_8192_prefetch_none_branch_1024,116617,8498,6483,21343000,112501,6779,815,21343000
/root/snipersim_framework/config_l2_1024_l3MB_4096_prefetch_simple_branch_512,117203,8529,6484,22391000,114555,6837,834,22391000
/root/snipersim_framework/config_baseline_l2_256_l3_4096_prefetcher_none_branch_512,227894,11185,7422,36481700,,,,
